step,wall_time,value
0,1749428121.107621,0.0846519023180008
1,1749428121.107621,0.7580102682113647
2,1749428121.107621,0.8488923907279968
3,1749428121.107621,0.882219135761261
4,1749428121.107621,0.8968552350997925
5,1749428121.107621,0.9143591523170471
6,1749428121.107621,0.9275118708610535
7,1749428121.107621,0.9389833807945251
8,1749428121.107621,0.9427412748336792
9,1749428121.107621,0.9477847814559937
10,1749428121.107621,0.9496637582778931
