step,wall_time,value
1,1749428121.107621,40.41880965232849
2,1749428121.107621,30.090436339378357
3,1749428121.108621,26.50761604309082
4,1749428121.108621,23.584553599357605
5,1749428121.108621,21.441949903964996
6,1749428121.108621,19.645866751670837
7,1749428121.1096215,17.763201892375946
8,1749428121.1096215,16.38108193874359
9,1749428121.1106222,15.217365324497223
10,1749428121.1106222,14.314824342727661
