step,wall_time,value
0,1749468745.768072,2.393362522125244
1,1749468745.7680771,2.109440565109253
2,1749468745.768082,0.41343197226524353
3,1749468745.768086,0.36756631731987
4,1749468745.76809,0.36113205552101135
5,1749468745.768095,0.38999077677726746
6,1749468745.768099,0.37684011459350586
7,1749468745.7681038,0.4381970465183258
8,1749468745.7681081,0.40152403712272644
9,1749468745.768113,0.4208992123603821
10,1749468745.768217,0.40321633219718933
