step,wall_time,value
1,1749468745.767919,2.109440565109253
2,1749468745.767924,0.41343197226524353
3,1749468745.767929,0.36756631731987
4,1749468745.767935,0.36113205552101135
5,1749468745.767942,0.38999077677726746
6,1749468745.767947,0.37684011459350586
7,1749468745.767952,0.4381970465183258
8,1749468745.767957,0.40152403712272644
9,1749468745.7679622,0.4208992123603821
10,1749468745.767966,0.40321633219718933
