step,wall_time,value
0,1749477879.7869089,0.06190664693713188
1,1749477879.7869089,0.7905458807945251
2,1749477879.7869089,0.8770767450332642
3,1749477879.7869089,0.9049643874168396
4,1749477879.7869089,0.9194027185440063
5,1749477879.7869089,0.9307753443717957
6,1749477879.7869089,0.9388844966888428
7,1749477879.7869089,0.9467958807945251
8,1749477879.7869089,0.9510482549667358
9,1749477879.7869089,0.954905092716217
10,1749477879.7869089,0.9559928774833679
