step,wall_time,value
1,1749477879.7869089,0.39395570755004883
2,1749477879.7879088,0.2977526783943176
3,1749477879.7879088,0.25872328877449036
4,1749477879.7879088,0.2316114455461502
5,1749477879.7879088,0.21088211238384247
6,1749477879.7879088,0.19468601047992706
7,1749477879.788909,0.1801532804965973
8,1749477879.788909,0.1695876121520996
9,1749477879.788909,0.15969936549663544
10,1749477879.788909,0.15193235874176025
